{
    "images":[
        {"pic":"/data/assets1/img1.jpg"},
        {"pic":"/data/assets1/img2.jpg"},
        {"pic":"/data/assets1/img3.jpg"},
        {"pic":"/data/assets1/img4.jpg"},
        {"pic":"/data/assets1/img5.jpg"},
        {"pic":"/data/assets1/img6.jpg"}
    ],
    "card":[
        {
            "title":"WildLife",
            "packages":"70+packages",
            "icon":"/data/assets1/lion.png",
            "pics":"/data/assets1/zoo.jpg"
        },
        {
            "title":"Heritage",
            "packages":"50+packages",
            "icon":"/data/assets1/heritage.png",
            "pics":"/data/assets1/heritages.jpg"
        },
        {
            "title":"Trekking",
            "packages":"40+packages",
            "icon":"/data/assets1/backpack.png",
            "pics":"/data/assets1/treeking.jpg"
        },
        {
            "title":"Temples",
            "packages":"70+packages",
            "icon":"/data/assets1/temple.png",
            "pics":"/data/assets1/temples.jpg"
        },
        {
            "title":"Hill Station",
            "packages":"50+packages",
            "icon":"/data/assets1/mountain.png",
            "pics":"/data/assets1/hills.jpg"
        },
        {
            "title":"Beachs",
            "packages":"100+packages",
            "icon":"/data/assets1/beach.png",
            "pics":"/data/assets1/beaches.jpg"
        }
    ],
    "places":[
        {
          "north":[
             {
                "pic":"/data/assets1/UttarKhand.jpg",
                "place":"UttarKhand",
                "pack":"45+ Packeges"
             },
             {
                "pic":"/data/assets1/Rajasthan.jpg",
                "place":"Rajasthan",
                "pack":"35+ Packeges"
             },
             {
                "pic":"/data/assets1/Himachal.jpg",
                "place":"Himachal Pradesh",
                "pack":"45+ Packeges"
             },
             {
                "pic":"/data/assets1/Kashmir.jpg",
                "place":"Kashmir",
                "pack":"30+ Packeges"
             },
             {
                "pic":"/data/assets1/Uttar Pradesh.jpg",
                "place":"Uttar Pradesh",
                "pack":"40+ Packeges"
             },
             {
                "pic":"/data/assets1/Delhi.jpg",
                "place":"New Delhi",
                "pack":"45+ Packeges"
             },
             {
                "pic":"/data/assets1/Ladakh.jpg",
                "place":"Ladakh",
                "pack":"45+ Packeges"
             }
          ]
        },
        {
          "south":[
                 {
                "pic":"/data/assets1/Kerala.jpg",
                "place":"Kerala",
                "pack":"55+ Packeges"
             },
             {
                "pic":"/data/assets1/temples.jpg",
                "place":"Tamilnadu",
                "pack":"50+ Packeges"
             },
             {
                "pic":"/data/assets1/Karnataka.jpg",
                "place":"Karnataka",
                "pack":"50+ Packeges"
             },
             {
                "pic":"/data/assets1/Andaman.jpg",
                "place":"Andaman",
                "pack":"35+ Packeges"
             },
             {
                "pic":"/data/assets1/Puducherry.jpg",
                "place":"Puducherry",
                "pack":"40+ Packeges"
             },
             {
                "pic":"/data/assets1/Andhara.jpg",
                "place":"Andhara Pradesh",
                "pack":"45+ Packeges"
             },
             {
                "pic":"/data/assets1/Telangana.jpg",
                "place":"Ladakh",
                "pack":"45+ Packeges"
             }
          ]
        },
        {
          "east":[
               {
                "pic":"/data/assets1/Sikkim.jpg",
                "place":"Sikkim",
                "pack":"50+ Packeges"
             },
             {
                "pic":"/data/assets1/Arunachal.jpg",
                "place":"Arunachal",
                "pack":"50+ Packeges"
             },
             {
                "pic":"/data/assets1/Meghalaya.jpg",
                "place":"Meghalaya",
                "pack":"50+ Packeges"
             },
             {
                "pic":"/data/assets1/Nagaland.jpg",
                "place":"Nagaland",
                "pack":"40+ Packeges"
             },
             {
                "pic":"/data/assets1/Assam.jpg",
                "place":"Assam",
                "pack":"45+ Packeges"
             },
             {
                "pic":"/data/assets1/Odisha.jpg",
                "place":"Odisha",
                "pack":"40+ Packeges"
             },
             {
                "pic":"/data/assets1/West Bengal.jpg",
                "place":"West Bengal",
                "pack":"30+ Packeges"
             }
          ]
        },
        {
         "west":[
              {
                "pic":"/data/assets1/Goa.jpg",
                "place":"Goa",
                "pack":"50+ Packeges"
             },
             {
                "pic":"/data/assets1/Gujarat.jpg",
                "place":"Gujarat",
                "pack":"50+ Packeges"
             },
             {
                "pic":"/data/assets1/Mumbai.jpg",
                "place":"Mumbai",
                "pack":"45+ Packeges"
             },
             {
                "pic":"/data/assets1/Daman.jpg",
                "place":"Daman",
                "pack":"40+ Packeges"
             },
             {
                "pic":"/data/assets1/Bhopal.jpg",
                "place":"Bhopal",
                "pack":"40+ Packeges"
             },
             {
                "pic":"/data/assets1/GIR.jpg",
                "place":"Gir Park",
                "pack":"40+ Packeges"
             },
             {
                "pic":"/data/assets1/Pune.jpg",
                "place":"Pune",
                "pack":"40+ Packeges"
             }
          ]
        }

    ],
    "country":[
      {
        "book":"/data/assets1/Switzerland.jpg",
        "countries":"Switzerland",
        "Pack":"55+ Package"
      },
      {
       "book":"/data/assets1/Malaysia.jpg",
        "countries":"Malaysia",
        "Pack":"45+ Package"
      },
      {
       "book":"/data/assets1/Singapore.jpg",
        "countries":"Singapore",
        "Pack":"45+ Package"
      },
      {
       "book":"/data/assets1/Dubai.jpg",
        "countries":"Dubai",
        "Pack":"55+ Package"
      },
      {
        "book":"/data/assets1/India.jpg",
        "countries":"India",
        "Pack":"50+ Package"
      },
      {
        "book":"/data/assets1/Srilanka.jpg",
        "countries":"Srilanka",
        "Pack":"30+ Package"
      },
      {
        "book":"/data/assets1/Island.jpg",
        "countries":"Island",
        "Pack":"30+ Package"
      },
      {
        "book":"/data/assets1/Maldives.jpg",
        "countries":"Maldives",
        "Pack":"30+ Package"
      },
      {
        "book":"/data/assets1/Thailand.jpg",
        "countries":"Thailand",
        "Pack":"35+ Package"
      },
      {
        "book":"/data/assets1/New Zealand.jpg",
        "countries":"New Zealand",
        "Pack":"40+ Package"
      }
    ],
    "Packages":[
      {
         "WildLife":[
            {
              "pic":"/data/assets1/Moscow Zoo.jpg",
              "name":"Moscow Zoo",
              "time":"13 Nights - 14 Days"
            },
            {
              "pic":"/data/assets1/Mysuru Zoo.jpg",
              "name":"Mysuru Zoo",
              "time":"10 Nights - 11 Days"
            },
            {
              "pic":"/data/assets1/Singapore Zoo.jpg",
              "name":"Singapore Zoo",
              "time":"10 Nights - 11 Days"
            },
            {
              "pic":"/data/assets1/Taronga Zoo.jpg",
              "name":"Taronga Zoo",
              "time":"9 Nights - 10 Days"
            },
            {
              "pic":"/data/assets1/Alipore Zoo.jpg",
              "name":"Alipore Zoo",
              "time":"8 Nights - 9 Days"
            },
            {
              "pic":"/data/assets1/Chiang Mai Zoo.jpg",
              "name":"Chiang Mai Zoo",
              "time":"13 Nights - 14 Days"
            },
            {
              "pic":"/data/assets1/Zoo Negara.jpg",
              "name":"Zoo Negara",
              "time":"10 Nights - 11 Days"
            },
            {
              "pic":"/data/assets1/London Zoo.jpg",
              "name":"London Zoo",
              "time":"12 Nights - 13 Days"
            }
         ]
      },
      {
         "Hill Station":[
            {
              "pic":"/data/assets1/Hill1.jpg",
              "name":"Ooty",
              "time":"10 Nights - 11 Days"
            },
            {
              "pic":"/data/assets1/Hill2.jpg",
              "name":"Mussoorie",
              "time":"12 Nights - 13 Days"
            },
            {
              "pic":"/data/assets1/Hill3.jpg",
              "name":"Dharamshala",
              "time":"13 Nights - 14 Days"
            },
            {
              "pic":"/data/assets1/Hill4.jpg",
              "name":"Zermatt",
              "time":"15 Nights - 16 Days"
            },
            {
              "pic":"/data/assets1/Hill5.jpg",
              "name":"Nuwara Eliya",
              "time":"9 Nights - 10 Days"
            },
            {
              "pic":"/data/assets1/Hill6.jpg",
              "name":"Baguio",
              "time":"11 Nights - 12 Days"
            },
            {
              "pic":"/data/assets1/Hill7.jpg",
              "name":"Banff",
              "time":"13 Nights - 14 Days"
            },
            {
              "pic":"/data/assets1/Hill8.jpg",
              "name":"Nandi Hills",
              "time":"17 Nights - 18 Days"
            }
         ]
      },
      {
         "Temples":[
             {
              "pic":"/data/assets1/Temple1 (1).jpg",
              "name":"Ajmer Sharif Dargah",
              "time":"11 Nights - 12 Days"
            },
            {
              "pic":"/data/assets1/Temple1 (2).jpg",
              "name":"Shaolin Temple",
              "time":"11 Nights - 12 Days"
            },
            {
              "pic":"/data/assets1/Temple1 (3).jpg",
              "name":"Akshardham Temple",
              "time":"10 Nights - 11 Days"
            },
            {
              "pic":"/data/assets1/Temple1 (4).jpg",
              "name":"Mahabodhi Temple",
              "time":"15 Nights - 16 Days"
            },
            {
              "pic":"/data/assets1/Temple1 (5).jpg",
              "name":"Lama Temple",
              "time":"3 Nights - 4 Days"
            },
            {
              "pic":"/data/assets1/Temple1 (6).jpg",
              "name":"Krishna Temple",
              "time":"6 Nights - 7 Days"
            },
            {
              "pic":"/data/assets1/Temple1 (7).jpg",
              "name":"Jagannath Temple ",
              "time":"13 Nights - 14 Days"
            },
            {
              "pic":"/data/assets1/Temple1 (8).jpg",
              "name":"ISKCON Temple",
              "time":"3 Nights - 4 Days"
            }
         ]
      },
      {
         "Heritage":[ 
            {
              "pic":"/data/assets1/Heritage (1).jpg",
              "name":"Macha Picchu",
              "time":"11 Nights - 12 Days"
            },
            {
              "pic":"/data/assets1/Heritage (2).jpg",
              "name":"Stonehenge",
              "time":"11 Nights - 12 Days"
            },
            {
              "pic":"/data/assets1/Heritage (3).jpg",
              "name":"Angkor Wat",
              "time":"13 Nights - 14 Days"
            },
            {
              "pic":"/data/assets1/Heritage (4).jpg",
              "name":"India Gate",
              "time":"3 Nights - 4 Days"
            },
            {
              "pic":"/data/assets1/Heritage (5).jpg",
              "name":"Petra",
              "time":"16 Nights - 17 Days"
            },
            {
              "pic":"/data/assets1/Heritage (6).jpg",
              "name":"Alhambra Palace",
              "time":"10 Nights - 11 Days"
            },
            {
              "pic":"/data/assets1/Heritage (7).jpg",
              "name":"Tianamen Gate",
              "time":"13 Nights - 14 Days"
            },
            {
              "pic":"/data/assets1/Heritage (8).jpg",
              "name":"Hogia Sophia",
              "time":"8 Nights - 9 Days"
            }
         ]
      },
      {
         "Beach":[
            {
              "pic":"/data/assets1/Beach (1).jpg",
              "name":"Waikiki Beach",
              "time":"19 Nights - 20 Days"
            },
            {
              "pic":"/data/assets1/Beach (2).jpg",
              "name":"Bondi Beach",
              "time":"16 Nights - 17 Days"
            },
            {
              "pic":"/data/assets1/Beach (3).jpg",
              "name":"Malibu Beach",
              "time":"14 Nights - 15 Days"
            },
            {
              "pic":"/data/assets1/Beach (4).jpg",
              "name":"Bora Bora Beach",
              "time":"13 Nights - 14 Days"
            },
            {
              "pic":"/data/assets1/Beach (5).jpg",
              "name":"Navagio Beach",
              "time":"13 Nights - 14 Days"
            },
            {
              "pic":"/data/assets1/Beach (6).jpg",
              "name":"Maya Beach",
              "time":"7 Nights - 8 Days"
            },
            {
              "pic":"/data/assets1/Beach (7).jpg",
              "name":"Nacpan Beach",
              "time":"8 Nights - 9 Days"
            },
            {
              "pic":"/data/assets1/Beach (8).jpg",
              "name":"Tulum Beach",
              "time":"12 Nights - 13 Days"
            }
         ]
      },
      {
         "Honeymoon":[
             {
              "pic":"/data/assets1/Honeymoon (1).jpg",
              "name":"Vienna Tour",
              "time":"13 Nights - 14 Days"
            },
            {
              "pic":"/data/assets1/Honeymoon (2).jpg",
              "name":"Phuket Tour",
              "time":"13 Nights - 14 Days"
            },
            {
              "pic":"/data/assets1/Honeymoon (3).jpg",
              "name":"Paris Tour",
              "time":"13 Nights - 14 Days"
            },
            {
              "pic":"/data/assets1/Honeymoon (4).jpg",
              "name":"Prague Tour",
              "time":"13 Nights - 14 Days"
            },
            {
              "pic":"/data/assets1/Honeymoon (5).jpg",
              "name":"Mauritius Tour",
              "time":"13 Nights - 14 Days"
            },
            {
              "pic":"/data/assets1/Honeymoon (6).jpg",
              "name":"Venice Tour",
              "time":"13 Nights - 14 Days"
            },
            {
              "pic":"/data/assets1/Honeymoon (7).jpg",
              "name":"Bali Tour",
              "time":"13 Nights - 14 Days"
            },
            {
              "pic":"/data/assets1/Honeymoon (8).webp",
              "name":"Manali Tour",
              "time":"13 Nights - 14 Days"
            }
         ]
      },
      {
         "Adventure":[ 
            {
              "pic":"/data/assets1/Adventure (1).webp",
              "name":"Garhwal",
              "time":"11 Nights - 12 Days"
            },
            {
              "pic":"/data/assets1/Adventure (2).webp",
              "name":"Himichal",
              "time":"13 Nights - 14 Days"
            },
            {
              "pic":"/data/assets1/Adventure (3).webp",
              "name":"Ladakh",
              "time":"13 Nights - 14 Days"
            },
            {
              "pic":"/data/assets1/Adventure (4).webp",
              "name":"kumaon",
              "time":"15 Nights - 16 Days"
            },
            {
              "pic":"/data/assets1/Adventure (5).webp",
              "name":"Sikkim",
              "time":"10 Nights - 11 Days"
            },
            {
              "pic":"/data/assets1/Adventure (6).webp",
              "name":"Manali",
              "time":"13 Nights - 14 Days"
            },
            {
              "pic":"/data/assets1/Adventure (7).webp",
              "name":"Manali Jeep Safari",
              "time":"11 Nights - 12 Days"
            },
            {
              "pic":"/data/assets1/Adventure (8).webp",
              "name":"Himilayan",
              "time":"18 Nights - 19 Days"
            }
         ]
      },
      {
         "Trekking":[
            {
              "pic":"/data/assets1/Trekking (1).jpg",
              "name":"Inca trail",
              "time":"10 Nights - 11 Days"
            },
            {
              "pic":"/data/assets1/Trekking (2).jpg",
              "name":"Mount Fuji Trek",
              "time":"13 Nights - 14 Days"
            },
            {
              "pic":"/data/assets1/Trekking (3).jpg",
              "name":"Overland track",
              "time":"11 Nights - 12 Days"
            },
            {
              "pic":"/data/assets1/Trekking (4).jpg",
              "name":"Torres Trek",
              "time":"18 Nights - 19 Days"
            },
            {
              "pic":"/data/assets1/Trekking (5).jpg",
              "name":"Atlas Trek",
              "time":"23 Nights - 24 Days"
            },
            {
              "pic":"/data/assets1/Trekking (6).jpg",
              "name":"Camino trek",
              "time":"16 Nights - 17 Days"
            },
            {
              "pic":"/data/assets1/Trekking (7).jpg",
              "name":"Pokhara Trek",
              "time":"20 Nights - 21 Days"
            },
            {
              "pic":"/data/assets1/Trekking (8).jpg",
              "name":"Toubkal trak",
              "time":"13 Nights - 14 Days"
            }
         ]
      }
    ]

}
